--
-- PostgreSQL database dump
--

\restrict pu9OmhO3wEtvffusNwnsvHxewmx0Prvo1gtuYIiDKw1PTyzS0NKYPh38pdhIelX

-- Dumped from database version 15.14 (Debian 15.14-0+deb12u1)
-- Dumped by pg_dump version 15.14 (Debian 15.14-0+deb12u1)

SET statement_timeout = 0;
SET lock_timeout = 0;
SET idle_in_transaction_session_timeout = 0;
SET client_encoding = 'UTF8';
SET standard_conforming_strings = on;
SELECT pg_catalog.set_config('search_path', '', false);
SET check_function_bodies = false;
SET xmloption = content;
SET client_min_messages = warning;
SET row_security = off;

SET default_tablespace = '';

SET default_table_access_method = heap;

--
-- Name: Accounts; Type: TABLE; Schema: public; Owner: fb
--

CREATE TABLE public."Accounts" (
    "Id" uuid NOT NULL,
    "UserId" uuid NOT NULL,
    "Email" text,
    "HashedPassword" text NOT NULL,
    "LastLoginAt" timestamp with time zone,
    "CreatedAt" timestamp with time zone NOT NULL,
    "UpdatedAt" timestamp with time zone NOT NULL
);


ALTER TABLE public."Accounts" OWNER TO fb;

--
-- Name: EventStore; Type: TABLE; Schema: public; Owner: fb
--

CREATE TABLE public."EventStore" (
    "Id" bigint NOT NULL,
    "AggregateId" uuid NOT NULL,
    "AggregateType" text NOT NULL,
    "EventType" text NOT NULL,
    "EventData" jsonb NOT NULL,
    "Version" integer NOT NULL,
    "OccurredOn" timestamp with time zone NOT NULL
);


ALTER TABLE public."EventStore" OWNER TO fb;

--
-- Name: EventStore_Id_seq; Type: SEQUENCE; Schema: public; Owner: fb
--

ALTER TABLE public."EventStore" ALTER COLUMN "Id" ADD GENERATED BY DEFAULT AS IDENTITY (
    SEQUENCE NAME public."EventStore_Id_seq"
    START WITH 1
    INCREMENT BY 1
    NO MINVALUE
    NO MAXVALUE
    CACHE 1
);


--
-- Name: Users; Type: TABLE; Schema: public; Owner: fb
--

CREATE TABLE public."Users" (
    "Id" uuid NOT NULL,
    "Role" text NOT NULL,
    "IsActive" boolean NOT NULL,
    "IsDeleted" boolean NOT NULL,
    "CreatedAt" timestamp with time zone NOT NULL,
    "UpdatedAt" timestamp with time zone NOT NULL
);


ALTER TABLE public."Users" OWNER TO fb;

--
-- Name: __EFMigrationsHistory; Type: TABLE; Schema: public; Owner: fb
--

CREATE TABLE public."__EFMigrationsHistory" (
    "MigrationId" character varying(150) NOT NULL,
    "ProductVersion" character varying(32) NOT NULL
);


ALTER TABLE public."__EFMigrationsHistory" OWNER TO fb;

--
-- Data for Name: Accounts; Type: TABLE DATA; Schema: public; Owner: fb
--

COPY public."Accounts" ("Id", "UserId", "Email", "HashedPassword", "LastLoginAt", "CreatedAt", "UpdatedAt") FROM stdin;
cb96297e-b000-46f5-a986-f480b8f3c579	7dc234f4-36e3-41d0-b413-31647c15bab4	atykhonov+user1@gmail.com	$2a$11$xGdLboU/C6SIBf8KV88XMe6f1yFzxUTFjX2pghsy1LtPOxR.JM282	\N	2025-11-11 06:39:29.81707+02	2025-11-11 06:39:52.36098+02
60e1fd2e-fd3c-4415-ad3b-6d19f467041f	9f0bb361-a6d4-4cf6-b4aa-b4c46b42965e	atykhonov+user2@gmail.com	$2a$11$JOCW530RGVp3Mn/WNeBMWeOC3Ok3zRqn2MoXJe48AL4APyLDJeiWC	\N	2025-11-11 06:40:44.954976+02	2025-11-11 06:40:44.954976+02
7bbaf8b9-ed28-4cb9-a504-36022dfdb3c0	0eff98a6-3ece-4db1-94bf-28128efe2b72	atykhonov+user3@gmail.com	$2a$11$ai4.GxGhRYpkWPfq0lHoY.gJnvmhPTJ73yYhxKEAs.CVjjt/XR8CW	\N	2025-11-11 06:51:49.160774+02	2025-11-11 06:51:49.160774+02
1dc87b1d-5916-45c3-811f-8186710235bc	5656c63c-3867-4ac0-9a5d-b964f02c7c67	atykhonov+user4@gmail.com	$2a$11$8p1WRlmtcloJZZbHFUzgrONKW1kZyhkR9G5eCbXK9A6mlN6xAOCli	\N	2025-11-15 02:18:45.867482+02	2025-11-15 02:18:45.867482+02
fc98d46d-848a-46cb-899b-ff30310a3fee	ccdd30bd-455c-4c9a-965c-5f0bf620d306	atykhonov+user5@gmail.com	$2a$11$eMSoB1ll.vBzmyHxkgOdmORS8QTP6xnJe.Egxuf3WIDvbb7zUC.eG	\N	2025-11-24 08:10:51.316409+02	2025-11-24 08:10:51.316409+02
\.


--
-- Data for Name: EventStore; Type: TABLE DATA; Schema: public; Owner: fb
--

COPY public."EventStore" ("Id", "AggregateId", "AggregateType", "EventType", "EventData", "Version", "OccurredOn") FROM stdin;
1	7dc234f4-36e3-41d0-b413-31647c15bab4	User	UserCreatedEvent	{"Role": 0, "Email": "atykhonov@gmail.com", "Phone": null, "UserId": "7dc234f4-36e3-41d0-b413-31647c15bab4", "EventId": "1d217baf-c3b6-4c2a-8904-e58938d2f951", "IsActive": true, "EventType": "UserCreatedEvent", "OccurredOn": "2025-11-11T04:39:29.8170707Z", "HashedPassword": "$2a$11$xGdLboU/C6SIBf8KV88XMe6f1yFzxUTFjX2pghsy1LtPOxR.JM282"}	1	2025-11-11 06:39:29.81707+02
2	7dc234f4-36e3-41d0-b413-31647c15bab4	User	UserUpdatedEvent	{"Role": 0, "UserId": "7dc234f4-36e3-41d0-b413-31647c15bab4", "EventId": "ba84d170-35bc-4f2c-bbda-a432f5e44828", "EventType": "UserUpdatedEvent", "OccurredOn": "2025-11-11T04:39:52.3196228Z"}	2	2025-11-11 06:39:52.319622+02
3	7dc234f4-36e3-41d0-b413-31647c15bab4	User	AccountUpdatedEvent	{"Email": "atykhonov+user1@gmail.com", "Phone": null, "UserId": "7dc234f4-36e3-41d0-b413-31647c15bab4", "EventId": "0aac36f0-a280-4736-a307-cb1244b36590", "EventType": "AccountUpdatedEvent", "OccurredOn": "2025-11-11T04:39:52.3609802Z", "HashedPassword": null}	3	2025-11-11 06:39:52.36098+02
4	9f0bb361-a6d4-4cf6-b4aa-b4c46b42965e	User	UserCreatedEvent	{"Role": 0, "Email": "atykhonov+user2@gmail.com", "Phone": null, "UserId": "9f0bb361-a6d4-4cf6-b4aa-b4c46b42965e", "EventId": "4b87505f-f487-4163-a4bb-af5cfaf8690f", "IsActive": true, "EventType": "UserCreatedEvent", "OccurredOn": "2025-11-11T04:40:44.9549767Z", "HashedPassword": "$2a$11$JOCW530RGVp3Mn/WNeBMWeOC3Ok3zRqn2MoXJe48AL4APyLDJeiWC"}	1	2025-11-11 06:40:44.954976+02
5	9f0bb361-a6d4-4cf6-b4aa-b4c46b42965e	User	UserDeactivatedEvent	{"UserId": "9f0bb361-a6d4-4cf6-b4aa-b4c46b42965e", "EventId": "b969d0db-6b64-4824-9e4c-7c4766365098", "IsActive": false, "EventType": "UserDeactivatedEvent", "OccurredOn": "2025-11-11T04:51:33.734991Z"}	2	2025-11-11 06:51:33.734991+02
6	9f0bb361-a6d4-4cf6-b4aa-b4c46b42965e	User	UserDeactivatedEvent	{"UserId": "9f0bb361-a6d4-4cf6-b4aa-b4c46b42965e", "EventId": "03502af5-4c21-4eda-af38-37863b11f214", "IsActive": true, "EventType": "UserDeactivatedEvent", "OccurredOn": "2025-11-11T04:51:36.5989089Z"}	3	2025-11-11 06:51:36.598908+02
7	0eff98a6-3ece-4db1-94bf-28128efe2b72	User	UserCreatedEvent	{"Role": 0, "Email": "atykhonov+user3@gmail.com", "Phone": null, "UserId": "0eff98a6-3ece-4db1-94bf-28128efe2b72", "EventId": "8f7730d3-95e2-4f1a-a421-c0446730eafc", "IsActive": true, "EventType": "UserCreatedEvent", "OccurredOn": "2025-11-11T04:51:49.1607745Z", "HashedPassword": "$2a$11$ai4.GxGhRYpkWPfq0lHoY.gJnvmhPTJ73yYhxKEAs.CVjjt/XR8CW"}	1	2025-11-11 06:51:49.160774+02
8	5656c63c-3867-4ac0-9a5d-b964f02c7c67	User	UserCreatedEvent	{"Role": 0, "Email": "atykhonov+user4@gmail.com", "Phone": null, "UserId": "5656c63c-3867-4ac0-9a5d-b964f02c7c67", "EventId": "a5970cb2-7546-4439-a333-53bbd2bad17e", "IsActive": true, "EventType": "UserCreatedEvent", "OccurredOn": "2025-11-15T00:18:45.8674829Z", "HashedPassword": "$2a$11$8p1WRlmtcloJZZbHFUzgrONKW1kZyhkR9G5eCbXK9A6mlN6xAOCli"}	1	2025-11-15 02:18:45.867482+02
9	06496368-87f9-44cb-9941-2a00aaf5a89a	User	UserCreatedEvent	{"Role": 0, "Email": "atykhonov+user4@gmail.com", "Phone": null, "UserId": "06496368-87f9-44cb-9941-2a00aaf5a89a", "EventId": "06f8063a-88ce-46c5-832e-58bdcf92d217", "IsActive": true, "EventType": "UserCreatedEvent", "OccurredOn": "2025-11-15T09:30:46.3224706Z", "HashedPassword": "$2a$11$sfGHQvJpuZiWEutEda9Nx.s6ZKvzDai1riz6zdEvK6Ri/kqkUWqLa"}	1	2025-11-15 11:30:46.32247+02
10	40150a21-de1c-4879-bebf-b4140b4f01dd	User	UserCreatedEvent	{"Role": 0, "Email": "atykhonov+user4@gmail.com", "Phone": null, "UserId": "40150a21-de1c-4879-bebf-b4140b4f01dd", "EventId": "f3cd87ec-7873-45c2-887b-cc03908cf7c5", "IsActive": true, "EventType": "UserCreatedEvent", "OccurredOn": "2025-11-16T06:56:31.9200909Z", "HashedPassword": "$2a$11$pvB8ENlLUSwIVGy.O9vjSu2oI81fatbl4adD/F2.lZvZx68qeBQde"}	1	2025-11-16 08:56:31.92009+02
11	9a713713-cddb-4c39-adaf-432045cb7fd1	User	FocusedBytes.Api.Domain.Users.Events.UserCreatedEvent, FocusedBytes.Api, Version=1.0.0.0, Culture=neutral, PublicKeyToken=null	{"Role": 0, "Email": "atykhonov+user4@gmail.com", "Phone": null, "UserId": "9a713713-cddb-4c39-adaf-432045cb7fd1", "EventId": "92afca16-92db-456b-8246-8aa021fa5bb5", "IsActive": true, "EventType": "UserCreatedEvent", "OccurredOn": "2025-11-24T06:10:04.9994117Z", "HashedPassword": "$2a$11$NrRhLWPYDkqjn4S7UBveLeoQgeaiguVd14H0ADnKFBlNG..hQq9L."}	1	2025-11-24 08:10:04.999411+02
12	ccdd30bd-455c-4c9a-965c-5f0bf620d306	User	FocusedBytes.Api.Domain.Users.Events.UserCreatedEvent, FocusedBytes.Api, Version=1.0.0.0, Culture=neutral, PublicKeyToken=null	{"Role": 0, "Email": "atykhonov+user5@gmail.com", "Phone": null, "UserId": "ccdd30bd-455c-4c9a-965c-5f0bf620d306", "EventId": "a1debb05-4621-441f-b5b4-2a097b1eabb8", "IsActive": true, "EventType": "UserCreatedEvent", "OccurredOn": "2025-11-24T06:10:51.3164092Z", "HashedPassword": "$2a$11$eMSoB1ll.vBzmyHxkgOdmORS8QTP6xnJe.Egxuf3WIDvbb7zUC.eG"}	1	2025-11-24 08:10:51.316409+02
\.


--
-- Data for Name: Users; Type: TABLE DATA; Schema: public; Owner: fb
--

COPY public."Users" ("Id", "Role", "IsActive", "IsDeleted", "CreatedAt", "UpdatedAt") FROM stdin;
7dc234f4-36e3-41d0-b413-31647c15bab4	User	t	f	2025-11-11 06:39:29.81707+02	2025-11-11 06:39:52.319622+02
9f0bb361-a6d4-4cf6-b4aa-b4c46b42965e	User	t	f	2025-11-11 06:40:44.954976+02	2025-11-11 06:51:36.598908+02
0eff98a6-3ece-4db1-94bf-28128efe2b72	User	t	f	2025-11-11 06:51:49.160774+02	2025-11-11 06:51:49.160774+02
5656c63c-3867-4ac0-9a5d-b964f02c7c67	User	t	f	2025-11-15 02:18:45.867482+02	2025-11-15 02:18:45.867482+02
ccdd30bd-455c-4c9a-965c-5f0bf620d306	User	t	f	2025-11-24 08:10:51.316409+02	2025-11-24 08:10:51.316409+02
\.


--
-- Data for Name: __EFMigrationsHistory; Type: TABLE DATA; Schema: public; Owner: fb
--

COPY public."__EFMigrationsHistory" ("MigrationId", "ProductVersion") FROM stdin;
20251111034632_InitialEventStore	9.0.10
20251111034635_InitialReadModels	9.0.10
20251124064246_RemovePhoneColumn	9.0.10
\.


--
-- Name: EventStore_Id_seq; Type: SEQUENCE SET; Schema: public; Owner: fb
--

SELECT pg_catalog.setval('public."EventStore_Id_seq"', 12, true);


--
-- Name: Accounts PK_Accounts; Type: CONSTRAINT; Schema: public; Owner: fb
--

ALTER TABLE ONLY public."Accounts"
    ADD CONSTRAINT "PK_Accounts" PRIMARY KEY ("Id");


--
-- Name: EventStore PK_EventStore; Type: CONSTRAINT; Schema: public; Owner: fb
--

ALTER TABLE ONLY public."EventStore"
    ADD CONSTRAINT "PK_EventStore" PRIMARY KEY ("Id");


--
-- Name: Users PK_Users; Type: CONSTRAINT; Schema: public; Owner: fb
--

ALTER TABLE ONLY public."Users"
    ADD CONSTRAINT "PK_Users" PRIMARY KEY ("Id");


--
-- Name: __EFMigrationsHistory PK___EFMigrationsHistory; Type: CONSTRAINT; Schema: public; Owner: fb
--

ALTER TABLE ONLY public."__EFMigrationsHistory"
    ADD CONSTRAINT "PK___EFMigrationsHistory" PRIMARY KEY ("MigrationId");


--
-- Name: IX_Accounts_Email; Type: INDEX; Schema: public; Owner: fb
--

CREATE UNIQUE INDEX "IX_Accounts_Email" ON public."Accounts" USING btree ("Email");


--
-- Name: IX_Accounts_UserId; Type: INDEX; Schema: public; Owner: fb
--

CREATE UNIQUE INDEX "IX_Accounts_UserId" ON public."Accounts" USING btree ("UserId");


--
-- Name: IX_EventStore_AggregateId; Type: INDEX; Schema: public; Owner: fb
--

CREATE INDEX "IX_EventStore_AggregateId" ON public."EventStore" USING btree ("AggregateId");


--
-- Name: IX_EventStore_AggregateId_Version; Type: INDEX; Schema: public; Owner: fb
--

CREATE UNIQUE INDEX "IX_EventStore_AggregateId_Version" ON public."EventStore" USING btree ("AggregateId", "Version");


--
-- Name: IX_Users_IsDeleted; Type: INDEX; Schema: public; Owner: fb
--

CREATE INDEX "IX_Users_IsDeleted" ON public."Users" USING btree ("IsDeleted");


--
-- Name: Accounts FK_Accounts_Users_UserId; Type: FK CONSTRAINT; Schema: public; Owner: fb
--

ALTER TABLE ONLY public."Accounts"
    ADD CONSTRAINT "FK_Accounts_Users_UserId" FOREIGN KEY ("UserId") REFERENCES public."Users"("Id") ON DELETE CASCADE;


--
-- Name: SCHEMA public; Type: ACL; Schema: -; Owner: pg_database_owner
--

REVOKE USAGE ON SCHEMA public FROM PUBLIC;
GRANT ALL ON SCHEMA public TO PUBLIC;
GRANT ALL ON SCHEMA public TO postgres;
GRANT ALL ON SCHEMA public TO fb;


--
-- PostgreSQL database dump complete
--

\unrestrict pu9OmhO3wEtvffusNwnsvHxewmx0Prvo1gtuYIiDKw1PTyzS0NKYPh38pdhIelX

